<?xml version="1.0" ?>
<manifest identifier="ABxaSxXJRTAjb0n5HTtVVPp2AertEOzXp4QGrQbt" version="1"
  xmlns="http://www.imsproject.org/xsd/imscp_rootv1p1p2"
  xmlns:adlcp="http://www.adlnet.org/xsd/adlcp_rootv1p2"
  xmlns:xsi="http://www.w3.org/2001/XMLSchema-instance"
  xsi:schemaLocation="http://www.imsproject.org/xsd/imscp_rootv1p1p2 imscp_rootv1p1p2.xsd
                      http://www.imsglobal.org/xsd/imsmd_rootv1p2p1 imsmd_rootv1p2p1.xsd
                      http://www.adlnet.org/xsd/adlcp_rootv1p2 adlcp_rootv1p2.xsd">
  <metadata>
    <schema>ADL SCORM</schema>
    <schemaversion>1.2</schemaversion>
    <adlcp:location>metadata.xml</adlcp:location>
  </metadata>
  <organizations default="articulate_rise">
      <organization identifier="articulate_rise">
      <title>Animal Researcher Onboarding, Training, and Facility Access</title>
      <item identifier="i1" identifierref="r1" isvisible="true">
        <title>Animal Researcher Onboarding, Training, and Facility Access</title>
        <adlcp:datafromlms>eyJjcHYiOiJwNFFHclFidCIsInJsZCI6ZmFsc2V9</adlcp:datafromlms>
      </item>
    </organization>
  </organizations>
  <resources>
    <resource identifier="r1" type="webcontent" adlcp:scormtype="sco" href="scormdriver/indexAPI.html">
      <!-- SCORMDRIVER STUFF -->
      <file href="scormdriver/indexAPI.html" />
      <file href="scormdriver/preloadIntegrity.js" />
      <file href="scormdriver/driverOptions.js" />
      <file href="scormdriver/AICCComm.html" />
      <file href="scormdriver/auto-scripts/AutoBookmark.js" />
      <file href="scormdriver/auto-scripts/AutoCompleteSCO.js" />
      <file href="scormdriver/auto-scripts/CourseExit.js" />
      <file href="scormdriver/blank.html" />
      <file href="scormdriver/goodbye.html" />
      <file href="scormdriver/scormdriver.js" />
      <file href="scormdriver/browsersniff.js" />

      <!-- RUNTIME COMMON STUFF -->
      <file href="scormcontent/index.html" />
      <file href="scormcontent/lib/main.bundle.js"/>

      
        <file href="scormcontent/lib/fonts/icomoon.ttf"/>
        <file href="scormcontent/lib/fonts/icomoon.woff"/>

        <file href="scormcontent/lib/icomoon.css"/>
        <file href="scormcontent/lib/main.bundle.css"/>
        <file href="scormcontent/lib/player-0.0.11.min.js"/>
        <file href="scormcontent/lib/lzwcompress.js"/>
      

      <!-- RUNTIME CONTENT STUFF -->
      <file href="scormcontent/lib/fonts/Lato-Black.woff" />
<file href="scormcontent/lib/fonts/Lato-Italic.woff" />
<file href="scormcontent/lib/fonts/Lato-Bold.woff" />
<file href="scormcontent/lib/fonts/Lato-Regular.woff" />
<file href="scormcontent/lib/fonts/Lato-Light.woff" />
<file href="scormcontent/lib/fonts/Merriweather-Black.woff" />
<file href="scormcontent/lib/fonts/Merriweather-Italic.woff" />
<file href="scormcontent/lib/fonts/Merriweather-Bold.woff" />
<file href="scormcontent/lib/fonts/Merriweather-Regular.woff" />
<file href="scormcontent/lib/fonts/Merriweather-Light.woff" />
<file href="scormcontent/assets/bIGzF4rW021DPipI_small.png" />
<file href="scormcontent/assets/lSoVXEdhJTC8DusT_nyIcRdxISgzsU4HS.jpg" />
<file href="scormcontent/assets/dhaucD3hQMdmlWzA_X4f9XR24NE5apWrU.jpg" />
<file href="scormcontent/assets/Tdf0N3INye8cw7Gj_FEmeO0He-Gxs1AcK.jpg" />
<file href="scormcontent/assets/EPHy64f6vIQmukCs_epwwKvwyMGjvcJdb.jpg" />
<file href="scormcontent/assets/RR-WB5HQSeNz_Kw8_tDHGQ-LBQ3uj3MUf.jpg" />
<file href="scormcontent/assets/0viuqvjR-cVSwjkN_nOpo5rA_Pp_r4t7M.jpg" />
<file href="scormcontent/assets/YDLJWTKgEY-lfxnk_4l99NNuphZIbsBlt.jpg" />
<file href="scormcontent/assets/viG50L0NIsW9gvj5_6_financial.jpg" />
<file href="scormcontent/assets/wLRtg1WRpjfwRwP6_example-header-image.jpg" />

    </resource>
  </resources>
</manifest>
